,A,B,C,D
2000-01-01,0.7501604054289829,0.5935721324224708,1.3858310448824462,-1.7071010100596742
2000-01-02,-1.0669649553728777,1.2269787913178116,0.20792483128284833,-0.7840187674945962
2000-01-03,-2.119104587612824,1.6174480017994377,0.4398224201447397,-1.1809030435592316
2000-01-04,-1.723712743696176,2.0907773070841422,1.3915112072983369,-1.7373825925821424
2000-01-05,-1.5871418965577677,3.596328710769851,1.188525657331321,-1.6107125933578872
2000-01-06,-2.0182724802694496,3.2138197354702664,1.3977223061205408,-2.7595652422219286
2000-01-07,-1.6306903685115839,3.426278355574895,1.1917512414634086,-2.163463366521247
2000-01-08,-1.2880404723624348,3.2808291817612196,1.331889972412314,-4.001377356563161
2000-01-09,-0.644671856249872,3.5134781134005677,-0.4320662938601194,-4.433769355603118
2000-01-10,-1.6826768339414762,3.9376296397877013,-0.6657775804679805,-4.113623277056713
2000-01-11,-0.4914340115848883,3.333554730800123,-1.4727056630899038,-6.078417725048501
2000-01-12,-0.026453494831004953,3.8448450642269645,-1.4003098657218276,-4.678221996242968
2000-01-13,-2.2709933700301717,3.6827466452260103,-0.7553676852009434,-3.7825002883759575
2000-01-14,-3.1221128936351294,3.5847841342497246,-0.6656689842627591,-5.489703281656453
2000-01-15,-2.764695091903747,3.727876584991981,-0.9872548642372883,-6.393403796334113
2000-01-16,-2.360844395778405,2.6175547977951332,-1.3808476827204266,-8.559862258929385
2000-01-17,-1.505007408690056,2.039517446120443,-1.3473868278056784,-8.718063326461877
2000-01-18,-1.649128724322026,3.133229011475884,-2.1530675123771084,-7.532854884378496
2000-01-19,-1.862575116358737,1.2390136939725267,-2.643901808454036,-8.520900800713376
2000-01-20,-1.314320389338992,2.0755882974216475,-3.0209521641938744,-8.182997367836967
2000-01-21,-1.9541811565763476,2.4774072299142245,-2.417048884525148,-7.516612805965557
2000-01-22,-2.4744023645137734,3.2382908029118544,-2.323298490352966,-5.532268672482379
2000-01-23,-0.8477197132197241,2.45176863715703,-2.704237310194085,-5.244932604229934
2000-01-24,-1.1566996121478523,3.2054643119897026,-1.279060368163569,-3.4373406652764817
2000-01-25,-1.5797100418427716,4.337607620722649,-2.7391585329343915,-6.17113575753297
2000-01-26,-2.679647206617079,4.541496596431121,-1.6169123725853745,-6.584760533612846
2000-01-27,-4.376476728320853,5.6791234011135945,-2.4543877130826286,-5.486164356700146
2000-01-28,-4.180480102581129,5.767030416678122,-0.6729121798216269,-4.17849251139725
2000-01-29,-4.913967073208678,6.89947478844005,-1.478949591405664,-5.350814848594748
2000-01-30,-3.5856575596919678,5.425198835718775,-0.5328900682370463,-3.8999785146558223
2000-01-31,-4.190717700927323,6.0562528314809025,-0.4461196610991971,-3.3579941436295915
2000-02-01,-1.6270608535931683,7.667701983444207,-2.352581034196672,-4.079433128861728
2000-02-02,-1.3058997161977628,7.9032158856231405,-1.2679660626426306,-3.2580836388495813
2000-02-03,-1.1619212469645883,9.341587009643831,-2.9579138095533377,-3.2121774067479985
2000-02-04,-0.8973495933590525,9.800462028448704,-3.123232858055576,-3.6280984531736906
2000-02-05,-0.9874678196476464,10.306486552272618,-4.4203005155412916,-3.4934844820504183
2000-02-06,-1.769220042187952,10.094875267997338,-4.756809499537077,-5.057616401265231
2000-02-07,-1.253407927947297,9.80900060202083,-5.593324600672226,-5.312709831340063
2000-02-08,-2.530322384924708,9.714552042842753,-3.9049353631559227,-4.637947251214642
2000-02-09,-3.7896316449465397,8.84869970419841,-4.192220896060623,-5.463382326527469
2000-02-10,-3.082311188246866,9.127455603200502,-4.464926552310623,-4.609590008271683
2000-02-11,-4.186684261191461,8.768049569613776,-3.4521654374364816,-4.390039486516431
2000-02-12,-3.870817665876141,9.251551350516273,-2.3690243960747734,-4.223641048850585
2000-02-13,-3.892007195314451,9.259950907056888,-1.9411798383928192,-6.064194949592536
2000-02-14,-4.568681190343419,10.282625571021173,-1.1188232822298787,-5.245838330000871
2000-02-15,-5.9406401706480745,10.34240661348966,-1.5337034400725427,-4.92201827072009
2000-02-16,-5.712647019767789,11.288107781682521,-2.6953912082676608,-4.816637360914084
2000-02-17,-6.875156047454779,14.161628380828576,-4.363231011730995,-4.530556433317419
2000-02-18,-7.003358449956921,13.711406963384334,-2.2746116605892963,-3.5987926966203743
2000-02-19,-6.868441135840395,14.35859722994949,-1.5888720646412882,-6.084802306350171
2000-02-20,-7.999560693138198,13.893769339568578,-1.3363181489342164,-5.954115656279301
2000-02-21,-7.259827509774015,12.575968826729227,-1.308120525796582,-7.682351505742886
2000-02-22,-7.471523713288673,14.301581843391919,-1.719478913625025,-5.997961385864956
2000-02-23,-7.026822627875717,14.682761842620858,-0.6014620446618502,-7.3392423007921685
2000-02-24,-7.612791154679218,15.118018587547425,-1.5699819412001421,-9.372615565520269
2000-02-25,-6.606185277553708,15.149257811472033,-1.3709907431549109,-10.042368436907417
2000-02-26,-6.8553448795848615,14.221187900913204,-0.9997697076387899,-9.49625715757493
2000-02-27,-5.409013397500206,13.053797398959295,-3.715421188751516,-7.146970009776546
2000-02-28,-6.77618117110505,11.99099550598405,-3.6926605538415362,-8.222924473810561
2000-02-29,-7.732696840362062,11.62910929182304,-4.754675620571187,-9.325931036584516
2000-03-01,-6.068900712219494,12.59520633315589,-5.731623943968878,-8.942396065741972
2000-03-02,-5.996596251846749,13.331452121778508,-5.9173932301580905,-8.79121618052837
2000-03-03,-7.4676646981603625,12.393835157682355,-6.092380776413288,-9.250374128625358
2000-03-04,-6.723477608836657,11.10307325737795,-7.05374183914844,-9.83492713869405
2000-03-05,-6.8491805211895995,10.584676658874386,-8.040081890651756,-11.875471351055095
2000-03-06,-7.63709078593961,10.507446613289437,-8.91366392038065,-13.416172046929248
2000-03-07,-8.18508266918819,11.198571524338606,-8.479884626308095,-14.451624856201734
2000-03-08,-7.93040323551118,10.310832959960006,-8.480476411704622,-14.136953890534308
2000-03-09,-6.257581649150913,9.340693566954238,-9.617530493422631,-13.758586591448696
2000-03-10,-8.210493104121399,9.065895631738316,-8.682689936146293,-15.140317363896813
2000-03-11,-9.438396105155872,8.755269206165545,-7.936489647547737,-14.962481605343424
2000-03-12,-10.408648129768716,8.193082094107607,-5.880525292984077,-14.610075692462182
2000-03-13,-11.185846717696542,9.47491966498609,-5.054811167546002,-15.944917141253095
2000-03-14,-12.143255686567082,11.228285113900402,-6.562822121532746,-16.97578116289746
2000-03-15,-13.31602971078907,10.80180963342062,-5.608250993882748,-19.37880729282747
2000-03-16,-12.271666044304165,10.655922529028365,-5.322150909258786,-18.884334870390838
2000-03-17,-11.23261407127936,12.55400166561117,-6.566004348313556,-18.740257902308677
2000-03-18,-9.239508375361657,12.297066949447096,-6.567427309413926,-19.556473781961625
2000-03-19,-8.008313146654418,10.768207593745977,-7.485120033710538,-18.170593770575664
2000-03-20,-7.735863933511094,9.143137627451711,-7.140729279093553,-19.182433948250196
2000-03-21,-8.016080187067615,7.876396415820462,-6.209317026995152,-19.075317888469453
2000-03-22,-6.920452584800409,7.451513909151138,-5.9782156624958676,-18.835907148514217
2000-03-23,-7.853267562846228,6.487029606874738,-5.801228750742432,-18.334796542931883
2000-03-24,-6.807581245501697,6.1394238860388395,-6.436213573744231,-18.86897900398761
2000-03-25,-6.965960581363826,6.390136431372023,-7.022417540846368,-19.090293394106673
2000-03-26,-6.6961189616167465,6.324533750783441,-7.886026735703482,-17.75650321703049
2000-03-27,-6.993684990606345,4.550872785560346,-7.955327466464909,-18.16669198998003
2000-03-28,-7.265012998203865,4.430009336774164,-9.273356348812325,-17.293782731876146
2000-03-29,-6.938471309672927,4.572184524263658,-9.59714898766929,-16.92157942830728
2000-03-30,-5.760456006183892,4.19707463895802,-9.401082918946605,-16.682801290959524
2000-03-31,-5.54147053617503,2.8453790421139247,-9.658023532679545,-16.53070527500721
2000-04-01,-5.595338073123756,1.688327634647202,-8.659001285036766,-16.057288432803947
2000-04-02,-7.2956455486279275,0.565931393544941,-9.431661202334125,-16.210968909244713
2000-04-03,-7.6717114709934755,-0.014742538820270101,-8.240574366816361,-16.092054228928728
2000-04-04,-9.388466290845118,-0.6060566518053971,-8.15699322659566,-15.741636283661496
2000-04-05,-11.022543078060014,-1.4231762796247014,-8.65172887476841,-15.155818249399687
2000-04-06,-11.647434615035095,-1.1305156605723206,-8.20860119698335,-16.19427112879491
2000-04-07,-10.224011799007435,0.046989973194833334,-7.792827890168264,-17.511526828559347
2000-04-08,-9.602138922304299,-1.0455225639284933,-7.691073857183925,-18.187834453714167
2000-04-09,-9.10192364892623,-1.3530797134861923,-6.339587862223233,-19.56464705759608
2000-04-10,-9.024567859419358,-1.6943917917258648,-5.400811387862358,-21.467245618151605
2000-04-11,-9.075272487648943,-2.227040427242289,-5.6732920780021665,-21.953874283004723
2000-04-12,-10.001767942779317,-3.0828211549332405,-5.678217206934265,-22.415388687977167
2000-04-13,-11.397630267677743,-3.8879551989774095,-5.129621595483926,-20.611976596584867
2000-04-14,-10.409871888908162,-3.727171516553581,-5.004830579234808,-22.30587496025009
2000-04-15,-9.663636952144287,-3.3867494778033698,-5.713461454800002,-22.63401285680662
2000-04-16,-10.424130433209678,-3.6550646968644047,-6.563536318535041,-23.591152583573038
2000-04-17,-9.780523748362736,-2.438803702797869,-7.400375960245435,-23.487576062956613
2000-04-18,-10.362130284964653,-2.7971058000772007,-7.062344959796389,-23.381658657764014
2000-04-19,-10.076086906639935,-1.5446298520681816,-7.213354363203666,-25.719608064843534
2000-04-20,-12.416906079409948,-1.8118184039876393,-7.018959079652645,-25.395428786373284
2000-04-21,-11.422279831569337,-2.402613810622687,-9.130000205568669,-25.33067608698824
2000-04-22,-13.30825420765568,-1.3297572357042184,-9.180970386251381,-25.720177602245194
2000-04-23,-11.644335690742977,-1.3414363027596299,-9.779553363530626,-24.348549243233535
2000-04-24,-13.219646361296597,-1.6823405854436366,-9.958819433783313,-25.456562929360025
2000-04-25,-13.239341727561731,-3.0699290311148353,-8.878869149075546,-24.859259096091442
2000-04-26,-14.813304498663372,-5.261708240247415,-6.718379686499437,-24.162453430351142
2000-04-27,-15.866994493843718,-5.360977122803616,-7.854490657866472,-26.382806295699112
2000-04-28,-17.389597290688144,-5.058582280061585,-6.921112477878575,-27.05171148650823
2000-04-29,-18.124856774623215,-4.288640061114228,-6.7993158879060065,-27.531224793088256
2000-04-30,-15.741306267741045,-2.0821072645033647,-6.28356782132787,-29.194464634255137
2000-05-01,-16.150435790705895,-2.855162217232744,-6.550451678960892,-28.095774836291614
2000-05-02,-15.9214191762687,-3.4429947923499835,-6.001555464940394,-27.358968934475232
2000-05-03,-16.444743660443642,-4.189976026940469,-6.3793426180699395,-27.259649088193108
2000-05-04,-17.323991841158705,-3.050408205927395,-7.342404138275882,-26.685659096802205
2000-05-05,-17.084599853245322,-3.2650896150870476,-7.419629448591409,-26.08888989015533
2000-05-06,-17.09750905771662,-2.3942337260957287,-6.554257364951701,-26.46775315439529
2000-05-07,-15.113557513620382,-2.1434477877235896,-8.119413329908152,-25.238161998329605
2000-05-08,-17.111424088631143,-2.046901128205212,-8.401595475130808,-25.654255391011635
2000-05-09,-18.148822068377285,0.40263596055263795,-7.523373121824055,-25.655282119697755
2000-05-10,-16.952173086065002,0.7620023379970313,-6.5029943552910074,-26.15266004606729
2000-05-11,-17.882460284130644,1.1616918758546653,-5.297600114826211,-27.686997445510954
2000-05-12,-18.355396859622026,3.277504711515186,-7.008481181759647,-27.04906156553853
2000-05-13,-18.3853630974761,2.144062343648357,-7.779864288716909,-28.65243598286328
2000-05-14,-19.05977323973839,1.103504910375053,-9.80096993707218,-28.964882000248686
2000-05-15,-20.17620284753359,-0.8172542468453954,-8.737457893120697,-30.627276856017208
2000-05-16,-19.913794719254234,-0.6850006250355266,-9.617053471247203,-30.251976770875142
2000-05-17,-19.729858880216206,0.6480437492474905,-9.168447189986269,-31.83242791100021
2000-05-18,-18.601291293163808,-0.8985333764153592,-10.442921490498247,-31.927719445285557
2000-05-19,-18.51665665996407,-0.3704906073117654,-10.928459003593929,-32.08693857845512
2000-05-20,-17.198556185986774,0.0550936365123586,-11.457576481245043,-32.251638485356764
2000-05-21,-16.680999102621023,0.5613283851977282,-11.924492068503326,-33.371334626593175
2000-05-22,-14.785978291183078,-0.4292830577536374,-12.644046616014922,-33.52023685988422
2000-05-23,-13.889797788091125,-0.8782393448873484,-12.818602133322447,-34.11231861001746
2000-05-24,-13.609173337321868,-2.0120920546420162,-13.002438698230335,-35.047189136519954
2000-05-25,-14.47881459305377,-3.042957170772734,-12.80864026208315,-36.39849399331311
2000-05-26,-15.543592296283077,-3.2179801196419104,-14.370741801100536,-37.08093942453151
2000-05-27,-14.29857166093501,-3.7484977363578205,-14.854465330681995,-36.12007397341468
2000-05-28,-14.568144277959284,-5.010454950932111,-14.90679844256209,-36.636422746784376
2000-05-29,-15.753260055277952,-4.798107389686216,-13.588130229567422,-37.50428176637769
2000-05-30,-18.021243534676554,-3.361796372958149,-14.779161635373313,-38.26318814438623
2000-05-31,-17.707923614795064,-3.8313884938006204,-16.843357035785004,-38.61422712564584
2000-06-01,-18.48603906294031,-2.6080766640509747,-17.336442376806104,-38.02595850374411
2000-06-02,-16.82900996564286,-2.906067109699237,-17.77675781930942,-37.406694600129335
2000-06-03,-17.892174875534543,-4.107235194289791,-18.10906949306977,-38.57911944034785
2000-06-04,-18.1264298495946,-4.04920371182518,-17.335409133870368,-37.561047082775424
2000-06-05,-17.82044182529105,-3.6494784957488213,-15.990266815533806,-36.467742948227674
2000-06-06,-18.67079624419737,-4.901668079027123,-16.268054162197245,-36.45669404049341
2000-06-07,-18.267434770859392,-4.802146809933963,-16.014118188889032,-36.934310199316926
2000-06-08,-17.957400285988086,-2.6813939983180286,-18.066041629351833,-35.96844685748624
2000-06-09,-16.992978159256374,-1.6771741752467724,-18.58864894052871,-34.444792158265074
2000-06-10,-16.797969207663602,-1.6814092403995722,-19.848830645540176,-34.42878933804335
2000-06-11,-15.03683575402393,-2.27652433778696,-18.16885829113904,-34.57713452609805
2000-06-12,-13.4763073499889,-2.870628908159055,-17.261413726222546,-36.032718763918844
2000-06-13,-14.60366286870405,-2.5311895384411622,-16.069638148627444,-36.51562610148734
2000-06-14,-14.651278235894518,-1.8357325942047018,-16.348322223745708,-35.644144349133384
2000-06-15,-15.483646635386144,-4.3459908091147765,-13.691124652055752,-36.386492699494106
2000-06-16,-16.657096369790914,-4.5767652589544205,-13.907858697328313,-36.27205422960395
2000-06-17,-16.877340691895217,-2.3568441260232813,-14.611686961783292,-36.29476912317398
2000-06-18,-18.485742661518348,-4.8115432111564065,-13.889964014481304,-36.53238210653657
2000-06-19,-17.82307887633551,-6.366364970669812,-14.580480825198164,-35.04451752893622
2000-06-20,-16.523327800061892,-5.8177188338232035,-12.6440325697228,-34.64921911735544
2000-06-21,-16.929072962526117,-4.063528519858954,-13.827357760668637,-32.924585985864965
2000-06-22,-15.029119042154315,-4.426324123757228,-14.507174656192454,-31.74886250515052
2000-06-23,-15.759465962590157,-2.851746866126022,-15.467663031574654,-32.617564966041314
2000-06-24,-13.031729716456276,-2.7704002124722553,-14.680759839752906,-33.81022407578561
2000-06-25,-13.137403465200755,-2.5070591632169044,-13.57680114357183,-33.89826550248525
2000-06-26,-13.47645743784821,-3.6516534462354207,-13.320428947894099,-32.35266746397311
2000-06-27,-12.718452051666377,-2.738839237340127,-11.899326362857837,-32.747844356555326
2000-06-28,-12.248465460319883,-1.0140589749584694,-11.538622568105556,-32.117999814605035
2000-06-29,-11.91319861808417,-1.2442980648663093,-11.94450563652951,-32.8689182029411
2000-06-30,-11.868183143297356,-2.346531435082876,-13.237614873023103,-33.139444376895966
2000-07-01,-12.01834106193825,-3.525075118709675,-13.458725458345329,-31.349850445308167
2000-07-02,-10.681777917859506,-3.0300846078226344,-12.631131117119233,-31.008663694682145
2000-07-03,-10.310656208221147,-3.7769759258511453,-11.228326167272819,-31.31866839002059
2000-07-04,-9.457360749434887,-4.379447782889494,-12.459497070512963,-31.47985634951132
2000-07-05,-7.847772444355272,-5.422321519976705,-13.412089511192338,-31.853996451857817
2000-07-06,-6.472269411208156,-6.820947721829734,-14.226658037478058,-30.688866991648506
2000-07-07,-8.212422284824669,-6.098160636345186,-14.056247701530076,-31.256964749853225
2000-07-08,-7.664871389754497,-5.9979991363788,-14.477128653811086,-30.545498654409663
2000-07-09,-6.233912760185085,-7.435877114501716,-13.647092766430362,-31.045226813446288
2000-07-10,-6.702544020327638,-6.871228014216559,-13.45493954738613,-31.171736735266407
2000-07-11,-7.1371219292284716,-7.227805072445206,-12.082026561288755,-29.694653181616317
2000-07-12,-4.352346959345034,-8.121275127015602,-12.47871860429895,-29.496914908912863
2000-07-13,-3.508780461365592,-8.602034719139061,-11.746920328810688,-30.357301133437872
2000-07-14,-3.719261286136252,-8.195805625462691,-11.99830674100489,-29.13112604020512
2000-07-15,-4.224327205102853,-8.382634417032689,-12.565921902389771,-27.887430206769732
2000-07-16,-7.162055234934507,-8.047945241519326,-12.025459712105691,-26.60060707809904
2000-07-17,-7.133617014933902,-9.027389539753814,-12.718597953559984,-27.832475934688457
2000-07-18,-7.140496479677601,-9.741795762706142,-13.754650436397343,-28.22940553726555
2000-07-19,-6.041573251364866,-9.014324634821453,-13.024974323585115,-28.50395606604939
2000-07-20,-6.517179924277791,-8.828229345183749,-13.235379922291672,-27.556544083117746
2000-07-21,-6.158885850916529,-9.24704324073602,-12.10281586569932,-25.525434218037645
2000-07-22,-6.549888698281987,-8.548552724971804,-12.692215067389258,-26.0361925740342
2000-07-23,-5.624906574359394,-9.442502142392513,-12.576586519547423,-25.646930390743588
2000-07-24,-4.943584787270213,-9.869014480783925,-11.182372947533057,-24.7100543403436
2000-07-25,-4.8645275178339515,-11.170343610530377,-9.107149431314523,-24.605728532706976
2000-07-26,-3.5775653310437745,-11.770577929270027,-9.112404745604154,-24.189515630449396
2000-07-27,-3.221019066914219,-11.388415944641245,-8.403857263452139,-25.434183505963098
2000-07-28,-4.286980497937119,-11.926714653753288,-8.832207306166387,-23.14905366992336
2000-07-29,-3.5893505576443134,-12.026539730095163,-7.890003228157692,-21.765746456013176
2000-07-30,-3.7069759627712813,-12.352502318145795,-9.271244862477086,-22.739418459869203
2000-07-31,-4.110605044221131,-13.816389217909357,-7.179414729527696,-22.02204827438565
2000-08-01,-5.198881523209204,-14.232506291171156,-7.82233093454478,-22.399723165342596
2000-08-02,-4.30910627260418,-14.12109252388575,-7.475103548439491,-20.804786182171753
2000-08-03,-3.557635862146447,-14.1089702252964,-6.517519222745101,-19.656000890990583
2000-08-04,-4.704332960323173,-15.763147822200594,-5.650080966975077,-19.376272427258687
2000-08-05,-4.64025632468319,-15.438920905638,-5.567428316919585,-17.962346020087853
2000-08-06,-5.786622360935938,-16.18298616626464,-5.6906005062565095,-18.21565803063068
2000-08-07,-3.970965417854643,-16.40068957459459,-6.155448590384066,-18.593458557450262
2000-08-08,-4.397339778396503,-15.361502714214108,-6.41225487862495,-18.38821293371515
2000-08-09,-4.871491242497276,-16.762399163927647,-6.865565926010042,-19.707556123720728
2000-08-10,-5.483107480225812,-15.726612314103196,-6.356515759886731,-19.2619730385983
2000-08-11,-4.892003767809754,-15.479856463287678,-7.06832945124047,-19.52739200338696
2000-08-12,-3.6887851634205315,-15.336036778617274,-8.949291401566747,-18.902848932950366
2000-08-13,-4.949712535887754,-14.597587526047697,-9.583105057326337,-20.301526908765684
2000-08-14,-5.490979676903564,-12.747584041913802,-8.82652178167239,-20.638615773890976
2000-08-15,-5.605640027575627,-12.2658392497039,-8.963944830149526,-19.167417821317517
2000-08-16,-4.175166197413302,-13.269356509051512,-9.153775145210643,-20.707730981940625
2000-08-17,-3.9823884479413567,-12.499078782403735,-8.765140563627972,-20.45002963763739
2000-08-18,-4.57463825247695,-12.461481801241682,-10.04869736701394,-22.033734099374964
2000-08-19,-5.513825579155469,-10.202907893236238,-9.292028426143936,-20.40197730571644
2000-08-20,-8.027954611314039,-9.848134786224017,-8.658028742035835,-18.58635145530558
2000-08-21,-7.74606983074994,-9.744264269729799,-9.41328030546102,-18.3320680020768
2000-08-22,-6.550186390977188,-11.39749332543418,-10.826983823274436,-20.495617597932092
2000-08-23,-6.152292570151781,-10.680611955085707,-11.435858677687161,-20.699136129612178
2000-08-24,-5.223941140359283,-10.360860702270479,-10.177453349393357,-20.83599303094016
2000-08-25,-4.551411775496848,-10.063510931964121,-10.283297663192954,-22.193513694641627
2000-08-26,-3.3181911572136578,-10.665946086069019,-9.393765926673911,-21.438349826566135
2000-08-27,-2.3435144618658503,-10.119627725499729,-9.554785699276724,-21.40555303349522
2000-08-28,-2.7964693241066443,-9.470912534419922,-10.59348454197176,-20.7037454460142
2000-08-29,-2.9256611536142483,-9.255334491298118,-11.724079513060738,-22.182212409838293
2000-08-30,-3.9332049872600985,-7.924893591016886,-10.881229483886429,-23.330775625509773
2000-08-31,-4.1445775271428005,-8.16312660075866,-11.003576328093704,-25.66056232928529
2000-09-01,-4.645223622113684,-7.220778558660866,-11.893395517234786,-25.967447729643013
2000-09-02,-4.296789896430027,-7.3305098301762195,-12.432726822028457,-27.02536644867285
2000-09-03,-5.864814467810238,-6.57315689892668,-11.115535002563607,-27.54101485338645
2000-09-04,-6.520636901220357,-7.8462770049537855,-10.86435518815889,-26.636134243534624
2000-09-05,-7.987344058061458,-6.07650443539265,-11.434051544710236,-25.929897194774483
2000-09-06,-7.336672305961496,-4.882402163719146,-10.270035803441205,-27.0067529712151
2000-09-07,-7.642384736893717,-4.950279413796169,-10.92278277290565,-28.42720925312749
2000-09-08,-7.4537824210859425,-5.404615905110008,-11.571476703636742,-28.74036337691309
2000-09-09,-8.64539409521662,-3.745227725772912,-11.75019690983195,-28.459710812764364
2000-09-10,-9.84245095347122,-3.374949885477918,-10.859912825242764,-28.93660814100766
2000-09-11,-10.452927409924042,-4.175219049187278,-11.429078681795405,-30.02367602379527
2000-09-12,-10.17090159784467,-3.2348705050585704,-10.398383716929724,-30.21986205055508
2000-09-13,-9.827257127056084,-4.288463176888164,-9.307313983677213,-30.88180818736759
2000-09-14,-10.784463607766005,-4.7690770232105635,-10.529379543649554,-32.239499385595565
2000-09-15,-10.680284552621327,-5.057218465037789,-10.31461232493476,-31.39627450465512
2000-09-16,-11.36516804557554,-6.118323234348512,-10.257643977779082,-33.65403706812673
2000-09-17,-10.411016118380891,-4.737530264003149,-8.317458903522823,-34.27184976084671
2000-09-18,-12.85925187846166,-5.096842383861359,-9.270615172732153,-34.99275933719958
2000-09-19,-12.854236612002392,-4.217789059919214,-7.929260840605713,-35.00535056378303
2000-09-20,-12.966045766690508,-3.379153691822559,-8.447713514633392,-34.8472078633188
2000-09-21,-13.25704096190817,-2.8860672771038525,-6.638284597236665,-36.41854610372416
2000-09-22,-12.911223874410128,-2.49196210585204,-6.901985865407445,-35.31966674758946
2000-09-23,-11.448400931640737,-2.857589896036431,-7.446792419436377,-36.24264402325126
2000-09-24,-12.602483680176302,-0.1529515853175436,-8.171621311853647,-38.29083775979339
2000-09-25,-12.077413166963595,0.8232223461028935,-7.109593774220416,-37.88141008661018
2000-09-26,-11.715759555482245,0.5553696232872161,-5.904314858815358,-38.867920672221786
2000-09-27,-11.802621002121292,1.3204934726261355,-5.8322560766834926,-36.52768037017901
2000-09-28,-12.174242720526543,-0.08464960588326109,-6.223037060827168,-36.416699575979905
2000-09-29,-11.059399483107985,-1.0986022589624322,-4.807364807159749,-36.10789347977355
2000-09-30,-10.785672475506203,-1.3453853299608785,-3.8649921465540653,-36.25630132275248
2000-10-01,-10.168479049444642,-1.5354442899923568,-2.882597084039535,-36.25679184286374
2000-10-02,-10.4608132087866,-1.1240654412322684,-2.8015973988728087,-35.2782839500149
2000-10-03,-12.68382393397857,-1.3240570237209641,-2.329135902658722,-33.949467685741524
2000-10-04,-13.284897499582756,-1.5052948070838892,-2.457318106486605,-34.999412536873265
2000-10-05,-13.01427351710023,-1.5244484927906004,-1.898601123202765,-34.623516954980126
2000-10-06,-13.614958497407939,-2.575882782703666,-1.4631635760473416,-35.55805155011821
2000-10-07,-13.535254707996986,-2.0887325414040134,-0.7480955966101058,-35.31906453897319
2000-10-08,-12.675921713550085,-2.3539485524853587,-0.5638861938515389,-31.97303774311213
2000-10-09,-12.511809451198506,-2.6544524324620995,1.0500069689278981,-33.073241121796045
2000-10-10,-11.586920028613278,-2.9494694614539045,1.6932272952424368,-34.05226812482771
2000-10-11,-10.990631648276858,-3.02492691028527,-0.490530973589004,-34.10270746814009
2000-10-12,-11.07061627357782,-2.1458567075016157,-0.7589489062289221,-33.10944676833099
2000-10-13,-10.164780334323565,-2.627769579385875,-1.3198692381946926,-34.39118297382396
2000-10-14,-9.783574050187216,-2.446196202373897,-2.6215767421927936,-35.623249463141654
2000-10-15,-9.051755446859211,-1.7322256016294952,-2.1193468217098568,-36.23350560852483
2000-10-16,-8.36455289109514,-1.9235032594681054,-2.7528966436786244,-35.17020333726947
2000-10-17,-8.611455159303704,-0.07377698623393814,-3.909918931713076,-36.108377656713216
2000-10-18,-8.509277648183875,-1.9906633454145666,-6.24743325114358,-35.48772418628281
2000-10-19,-8.257489432522803,-1.117296777887256,-6.004740477418694,-36.680844757320095
2000-10-20,-8.721896938380494,-2.4753739914142985,-5.008679720774637,-36.33394024763998
2000-10-21,-7.8916973967005575,-2.7750087869507425,-5.592964016719672,-35.658418713247954
2000-10-22,-7.534765582601745,-2.873929238368724,-6.304648195857803,-34.13547244692225
2000-10-23,-6.001163565749575,-1.6691973141480103,-4.475992938584017,-33.36349681343897
2000-10-24,-7.203514321007717,-2.3260208672944143,-4.475690865862799,-32.71335311901761
2000-10-25,-7.8422352859596325,-1.3703929908126251,-4.7864553065401925,-32.265656102040715
2000-10-26,-8.029343035497943,-1.5781252169152173,-8.73850353361905,-31.181501050288503
2000-10-27,-10.008921934474829,-1.292665836455899,-8.366214036870193,-30.91905073232424
2000-10-28,-11.095774545376262,-1.5952778864689232,-10.138168174089564,-30.103667921761883
2000-10-29,-10.370375356688307,-0.8466830215413245,-12.368350034473172,-30.926176550629506
2000-10-30,-9.69319758165876,0.5334996417887267,-12.56247142038852,-30.112123945194558
2000-10-31,-9.886980576863065,1.9503691732123984,-11.582447346455236,-28.93751107578355
2000-11-01,-9.757987394198667,0.7530219752722427,-12.844956284131746,-28.078809460007633
2000-11-02,-9.651779534690183,2.754722982115293,-11.979586107157392,-29.857173070149358
2000-11-03,-9.952595431917057,1.9067080151982,-12.98352404192601,-30.285565224043783
2000-11-04,-10.292625897393492,1.5882550123862333,-13.927430962126776,-31.210516114586984
2000-11-05,-12.207217856596053,1.4879329179529135,-15.189848218669052,-31.451841879801332
2000-11-06,-11.72870995232964,1.9211735908287566,-15.91547330786355,-31.190008605922994
2000-11-07,-10.234367599580644,1.4000908690993743,-17.575469922278174,-29.79692059871609
2000-11-08,-9.106798066007388,-0.06908419461758708,-17.38834839985952,-29.059978601181516
2000-11-09,-8.80597520073235,-1.2276195723796306,-17.32892328670528,-27.251173598068938
2000-11-10,-6.9166095680828175,0.05784498519666337,-17.926279408142232,-26.764902944575564
2000-11-11,-7.287055016375842,-1.3186186289336377,-17.506229544792475,-25.87236530854058
2000-11-12,-7.9393829095021085,-0.6136329647274767,-18.050551370969632,-26.807229898220815
2000-11-13,-7.074479894362801,-0.7074153823805344,-18.710042316864868,-25.91414451697242
2000-11-14,-7.793784989333957,-0.6198581339409391,-19.33146031705893,-25.811821654270258
2000-11-15,-7.706133038322364,0.8903408865326802,-18.620449967825376,-25.845180452853864
2000-11-16,-8.379332722991512,2.208674218354912,-19.371009810679592,-27.18120774434564
2000-11-17,-7.906597795743371,3.243491443508838,-19.32275296658672,-25.54167896769818
2000-11-18,-8.021153702878582,2.550924261141148,-17.43547010485996,-26.37916594586294
2000-11-19,-8.341298115850103,2.6347110984659814,-17.996905289357098,-26.537137600648986
2000-11-20,-6.836223743302718,2.969462035316585,-16.982554951856674,-26.791176125101625
2000-11-21,-7.859807555974902,1.352543577270403,-15.439804356055221,-26.029534858514417
2000-11-22,-8.451435553448277,0.5742013020496011,-16.31905301333545,-27.01053610323113
2000-11-23,-8.899566976028888,-0.4731156231083897,-14.930388452046547,-26.94743923239008
2000-11-24,-8.089301961644825,1.7193952263820442,-15.09870362705272,-27.12316054279242
2000-11-25,-8.308423953571697,2.0788197587894452,-15.878053832541765,-26.11319034801372
2000-11-26,-7.553960613753653,1.7301509563766153,-17.451694138848445,-26.345119573204936
2000-11-27,-6.4276006363386,1.1474315242285122,-16.742205322800995,-25.454638345709533
2000-11-28,-5.911674546619956,1.1896476323792107,-15.16294451743666,-25.82365863530128
2000-11-29,-6.347447906559172,2.6205416532573578,-15.52427477189775,-26.758388184328712
2000-11-30,-6.453933806996368,3.7445874216007065,-16.551379625473256,-25.561349704042144
2000-12-01,-7.528914866973348,2.7455242741433814,-14.755391858391965,-24.214142301649748
2000-12-02,-9.266799923903754,3.121045698273557,-15.45984155957478,-24.68883943809286
2000-12-03,-9.496095215528008,4.276061975749289,-14.768278532967601,-25.838331559946017
2000-12-04,-9.167463649040085,4.256231467746703,-14.33385870570762,-24.182045301396037
2000-12-05,-8.773439919874725,3.201391971801825,-13.709799245596031,-24.794402760102308
2000-12-06,-8.793297414197587,1.4343879183172774,-12.904444864694188,-25.237723927364193
2000-12-07,-8.551355193209785,-0.9555917513961587,-12.493963155310924,-23.681433411973064
2000-12-08,-8.495338093908352,-1.0955667330809575,-12.193300374884185,-23.307576427002985
2000-12-09,-7.4200572538845435,-1.554880268625864,-11.573749941797685,-22.95794792467209
2000-12-10,-6.812488410576992,-2.218301978888829,-13.2125176422146,-22.912871328179484
2000-12-11,-5.212502061820126,-1.923264906995197,-12.406533034564086,-22.21807404745788
2000-12-12,-6.322738577285739,-1.2461313410030512,-13.265044189826687,-21.270981765866345
2000-12-13,-7.829929825987057,-2.034547344178814,-13.482259998963272,-21.71567876620048
2000-12-14,-8.517832756083477,-2.660529766318445,-10.779298955818401,-20.437338892866634
2000-12-15,-7.575488707592135,-3.4744030976920843,-11.175811757513475,-20.222326527986763
2000-12-16,-7.455499074180143,-0.845268612762939,-11.809952882087387,-20.655250174860427
2000-12-17,-8.9577901145245,0.43174345929195646,-10.395321385557878,-21.76020425367437
2000-12-18,-9.798979889689129,0.11138018850455828,-10.937056554160637,-20.818648752360442
2000-12-19,-9.731616490347433,-1.2292454801426542,-10.928623998014547,-20.20043704506637
2000-12-20,-10.016483690785662,-0.4842828932986424,-11.116601427025126,-19.619530997449903
2000-12-21,-8.693980055984763,-1.133829207857798,-9.784429593297645,-19.437791641362445
2000-12-22,-6.660431704798963,-0.07735211381500129,-9.038723926377255,-21.822746559977425
2000-12-23,-6.0377938656169725,0.3117316472139448,-9.835260865091735,-19.768122266004333
2000-12-24,-7.617083621551936,2.0328367777513487,-8.14068687605466,-18.285567994734926
2000-12-25,-7.50637306796257,0.2269817057391017,-6.642781850726086,-15.234238655750351
2000-12-26,-8.305922581852027,2.182471288872544,-7.265282713235056,-16.40212221232829
2000-12-27,-8.405381331894432,3.2275443082795823,-7.280459370453375,-16.676341026002536
2000-12-28,-5.2222114482950275,2.7345739026772025,-7.123123740270542,-18.251136862047815
2000-12-29,-4.060602520146197,3.3883719351726618,-6.6525417169580825,-18.758471727162245
2000-12-30,-5.047447395098327,2.806544011438295,-5.765392804409402,-19.42717093544495
2000-12-31,-5.419163865132572,2.8426897295549387,-6.007692982930963,-18.485297952218293
2001-01-01,-4.633627512631493,1.6920829332620142,-6.28458532643908,-20.864310191953543
2001-01-02,-3.771399160075999,2.6327912646300278,-6.790616775359255,-20.338678758039016
2001-01-03,-5.219913648834058,1.951396942910105,-6.937044237731883,-20.227690441718558
2001-01-04,-3.869153633685378,1.1765606426873216,-6.503791806258544,-18.724043391773364
2001-01-05,-3.3623186713570523,0.6912645665512858,-7.445956105564597,-17.780991463906116
2001-01-06,-3.886488895143609,-0.373670229269897,-7.999290533446161,-16.443879084901063
2001-01-07,-4.006265504095729,-0.7111213453922334,-9.329907935948356,-18.666580492575903
2001-01-08,-5.4093545657753825,-0.8937727845731613,-8.314450286163407,-19.018776674664444
2001-01-09,-5.550342004993055,-0.5133473944132141,-8.594857120427264,-18.032687336804738
2001-01-10,-5.5586876066811985,0.22992301149961847,-8.940901648336451,-18.94399272894012
2001-01-11,-4.6914674592937695,0.694205927982067,-6.2921722068307915,-20.50840271812322
2001-01-12,-4.302235045529734,1.972157680720644,-6.3371254226897875,-21.089249760398566
2001-01-13,-2.696487792216189,2.0322856353652576,-5.603554059215044,-20.80855976205312
2001-01-14,-3.302896588732122,2.51036187170012,-5.130428560185866,-22.32263623314805
2001-01-15,-3.5314530007426552,3.7156911167687965,-7.030816509309751,-23.433435645593796
2001-01-16,-3.0027539210939915,4.096686377753922,-4.1798384525378784,-24.48140284537846
2001-01-17,-2.9687320666200674,5.084904739846999,-4.744153084994185,-25.347204613415258
2001-01-18,-3.2045372525967,2.728610077388367,-2.743797559199332,-23.863437904671663
2001-01-19,-1.7959267879567367,3.7957354952505047,-2.224425176669623,-23.274152010655595
2001-01-20,-1.6208413585088148,3.5459061659219415,-1.8811510294385416,-23.804380243871016
2001-01-21,-2.320425960504194,3.7022393307428283,-2.649198526287339,-25.04734254552919
2001-01-22,-2.715735200126569,4.153454833051178,-1.2198722547064407,-25.088602918960632
2001-01-23,-2.7818408992743895,3.194963118069236,-1.1456140993240758,-25.61486338276117
2001-01-24,-3.3162093396164325,3.7114840945436054,-1.9397868889094858,-25.48128913008676
2001-01-25,-2.2714393801182586,4.868113692074029,-1.9790962901800697,-25.419533778142842
2001-01-26,-2.5856786272617613,5.727817544822644,-2.5582010185558772,-26.057835454490803
2001-01-27,-2.694234271773462,6.822139120606085,-4.364354824179695,-27.63161910428442
2001-01-28,-1.2153571565314203,6.645633521735237,-3.3140728356350335,-27.95788951303406
2001-01-29,-0.9732340915916062,7.207855392871289,-1.7078085256711117,-28.76019043804733
2001-01-30,-1.563013842303699,8.074985038243065,0.1536812552011686,-30.350481746819625
2001-01-31,-1.0359054025181988,5.510260906494089,-1.157355226795344,-29.505475104847026
2001-02-01,-0.20196987573884662,6.010379633865053,-3.2944537024298706,-29.239028632361528
2001-02-02,-0.8076753863487175,5.652274377014566,-1.640470185405261,-28.365108509940118
2001-02-03,-0.32785721037908394,4.281594081694076,-0.6738427581268929,-27.421429465245147
2001-02-04,-0.4964875666534116,2.8660648801036164,-0.5370699496971841,-26.799299238306034
2001-02-05,-1.5045461267654145,4.569559888002794,-0.11913563240585467,-26.182235278425612
2001-02-06,-0.4649665061199453,3.2774458071108867,-0.13267414324038942,-27.507993784240515
2001-02-07,-1.161457402023294,4.548112891728218,-0.8074061739267725,-27.012488663576804
2001-02-08,-3.3405708149201816,4.7238848477511315,-3.060352222082202,-25.362918476357347
2001-02-09,-2.108208341158789,6.211268833501492,-1.6322631972659636,-25.65712998859004
2001-02-10,-1.3187613944461192,6.755190586866332,-2.63368364349423,-26.255771039805474
2001-02-11,-1.017792833413726,7.5562344781872985,-0.9983564840939576,-25.634192396762472
2001-02-12,-0.10058133115364154,9.044277815986655,-1.32795451207273,-25.18412315088611
2001-02-13,-1.0432920742733542,7.427826549204097,-0.8846395342820806,-23.390257259924777
2001-02-14,-1.093930647708749,6.990632854473014,-2.3791157559642158,-22.34892491786983
2001-02-15,-2.1391032842406936,6.225403702821669,-1.8705466350060573,-21.145051394613066
2001-02-16,-2.861246027268415,6.671172565444315,-1.4457509038837002,-20.818204029186248
2001-02-17,-3.6795663491233093,6.256082348398572,-2.59514442658992,-21.66479064115558
2001-02-18,-4.196399369807672,6.626559999554189,-2.291588857935688,-20.107333289790308
2001-02-19,-4.940905751338507,8.262392127200162,-0.7818864147726139,-20.084686227781045
2001-02-20,-5.033010901628855,8.57290352391641,-0.7387501073400138,-19.231524065946562
2001-02-21,-5.995693392805542,9.539953139111452,-0.02238370570452719,-19.971957734821316
2001-02-22,-6.978311984554952,9.480280095282177,-0.9755504606078598,-21.244992412964564
2001-02-23,-8.727746082519769,9.214048656008137,-0.8092478757929161,-20.15605479740016
2001-02-24,-7.317698872387265,7.763987050532229,-1.725505431029814,-19.77208040729901
2001-02-25,-8.119837219602312,6.474205662153655,-3.165780947629933,-19.388477343475614
2001-02-26,-8.494332656673276,5.885129902577704,-4.080822805073092,-19.332180493640198
2001-02-27,-7.448636650491947,6.9005239626794594,-3.5932797279632878,-20.545267602763275
2001-02-28,-8.925127117269344,7.404291113008242,-3.156833305441772,-20.884389893922112
2001-03-01,-10.447831404377164,7.022672963385753,-3.6117519646280316,-19.475889614027956
2001-03-02,-8.193052989338545,5.898091875612886,-3.2505151009498467,-18.088506289068082
2001-03-03,-8.065679949833756,5.729473731257885,-4.827823046669623,-18.417464725813833
2001-03-04,-7.870676945349986,7.339813943176299,-3.4924269256671385,-18.143835793229314
2001-03-05,-8.372382257992111,7.576483785895214,-4.863361210023541,-17.644614670252064
2001-03-06,-8.419016019534073,7.95042096541134,-3.9448870088801726,-16.834933234032402
2001-03-07,-7.251114884690186,7.048106549666065,-3.8758986809656863,-17.134055299207517
2001-03-08,-7.491627252949531,8.602721542362731,-2.9253351582233442,-16.97902420808886
2001-03-09,-8.064466163801255,8.461177506127846,-3.4426774522488763,-16.445257149843105
2001-03-10,-6.742266721556504,8.519873412274084,-3.6933427549321625,-14.156477455192567
2001-03-11,-6.059799627247733,9.165193301209053,-2.7998857793578344,-12.727427235899661
2001-03-12,-7.080962832534167,10.614836509229137,-3.4749086869270145,-13.942688141054768
2001-03-13,-7.2921601454064975,13.184057717952285,-2.987398870501762,-14.291465329680232
2001-03-14,-8.293527103063912,13.165975939703111,-2.9976116305667353,-16.78629369462471
2001-03-15,-7.872136059960384,14.23997113436176,-1.9775940411968553,-17.091417000158696
2001-03-16,-7.630918470163943,14.921481035865598,-2.0311194127493786,-16.99753374567393
2001-03-17,-8.018832119236015,14.880357572182318,-1.4664866418365476,-17.140067330079525
2001-03-18,-8.740640115068889,16.335430705237872,-1.258323474087654,-17.416306850150477
2001-03-19,-7.175326259574627,17.19761458764569,-0.8681970847403454,-17.058712507963687
2001-03-20,-7.298398338349812,17.070490894898693,-1.2949821790505567,-16.725836867546324
2001-03-21,-7.575997660060858,16.586161553009568,-0.6707057624268448,-17.471257948490145
2001-03-22,-6.106435473860068,16.56051238073351,0.9563170869300693,-18.116621520518045
2001-03-23,-7.594863293150679,16.429502712441934,1.1794033866846665,-18.32120695933291
2001-03-24,-9.121015252672247,17.750805686674564,3.0324466807635284,-18.58547942208897
2001-03-25,-9.55370173955573,19.108558016265622,3.3938684768441623,-19.880338585603134
2001-03-26,-10.381947650590428,19.64052039928526,1.0383961604508936,-20.31288545246307
2001-03-27,-10.66365085907675,20.089963536780644,0.8353477943507743,-21.73139290113345
2001-03-28,-9.905977984471592,19.438322833750842,0.6576623212353068,-22.36276733627045
2001-03-29,-11.887260164517928,19.142837217699984,-0.07932957886169534,-21.983381652892945
2001-03-30,-9.32715935898505,19.905544003864037,1.0652382533358207,-22.20582334146413
2001-03-31,-7.2472633212899265,19.369268660276788,0.8547139883714284,-23.604254517021026
2001-04-01,-6.932170752867057,19.031737938808224,0.989305176954903,-24.163002230048733
2001-04-02,-9.384823965343879,20.079984736428667,0.25397039685369294,-24.395677848842507
2001-04-03,-8.397281809786367,22.376986535183576,-0.02342600708088549,-24.997325317612926
2001-04-04,-7.731726006418419,22.784722958201836,0.33878394705332626,-25.78169411216436
2001-04-05,-7.639454923372199,22.235492860102298,-1.202973593831914,-26.317518045771543
2001-04-06,-7.740280634861966,23.424199273169375,-2.000204797511848,-27.02879340805181
2001-04-07,-7.691786020247624,23.70389533016457,-1.966480018299051,-27.554052422547127
2001-04-08,-8.916907465317813,24.043140322858463,-1.9502097726055054,-28.416979372877798
2001-04-09,-9.757412105457503,25.645501834411846,-2.010938016631137,-26.986152183012717
2001-04-10,-10.495935813441992,25.009453151842056,-2.9389787514549885,-25.763826032426827
2001-04-11,-10.830815815041236,23.050117220655768,-4.0557275480152395,-25.575986249252715
2001-04-12,-11.1097719400207,23.39660773154809,-5.924900735781124,-26.53610402400116
2001-04-13,-12.784346131448645,23.128102703263096,-5.536478134704327,-26.86813427602939
2001-04-14,-11.482681426149894,22.182446568831327,-6.555008397117824,-28.361084954544786
2001-04-15,-12.106440617711664,20.3136438795367,-4.594206954619117,-29.04458197511894
2001-04-16,-12.578385258950311,19.703352743423697,-5.204844605173589,-28.29625651490725
2001-04-17,-11.703571366721944,18.707936036671477,-4.631303845700301,-29.20698784230063
2001-04-18,-11.190361078740768,18.807638637276117,-5.224626544390382,-29.411862248836652
2001-04-19,-11.466590464606641,19.7007733041063,-4.664807834403076,-30.72802664617349
2001-04-20,-11.728058308096792,20.290506792379453,-4.957064116882357,-31.47877851857392
2001-04-21,-11.2958738150413,21.019504658911938,-5.497524020784298,-33.64744469947005
2001-04-22,-11.309292583943112,20.876777572689416,-3.3460802847919897,-34.697096824360614
2001-04-23,-13.680606801502359,21.568157675337094,-2.6259067382299643,-34.2995856240557
2001-04-24,-15.030103975476834,23.008127498345797,-2.177602813067388,-32.58830303503362
2001-04-25,-14.188022980769922,22.900752434355912,-2.7212132869371866,-32.046116474297484
2001-04-26,-15.510345258439145,21.879531924375534,-1.2769104523886314,-30.630147792390225
2001-04-27,-15.51628350686632,22.191439718180128,-0.7228469445787995,-32.33353649638704
2001-04-28,-16.683039349138042,20.78582057012296,1.010972983408838,-33.298119451882485
2001-04-29,-15.780906245565795,20.948806691874974,0.7566374695601027,-33.61020776048208
2001-04-30,-16.725996013870102,21.658429658103476,1.3221331104039868,-33.63588330606656
2001-05-01,-15.864460638017793,21.81935713660866,2.1291334563179403,-31.551500659822494
2001-05-02,-14.62829715639338,20.061753439904006,2.7067003169850583,-29.81953699084312
2001-05-03,-15.792375021750125,20.88176915775214,3.0429986620446443,-30.492976337742878
2001-05-04,-14.400029066175618,20.78028909185892,4.909112496554157,-28.87440192661413
2001-05-05,-14.583687972408784,23.841212200365387,4.428274742377818,-28.56455416509828
2001-05-06,-14.40756316070839,24.459171161957435,4.678619960645015,-27.74687379997499
2001-05-07,-14.426458935088046,25.814500918193616,6.532224163270308,-27.434989186597033
2001-05-08,-14.252535186858275,26.049064041522513,5.981728080129643,-27.336190770660853
2001-05-09,-13.722253109175114,27.441006574392073,7.693657109254699,-27.49824420577546
2001-05-10,-15.152948829172336,28.943914922329572,7.245467529130201,-27.870942809347486
2001-05-11,-15.527948193465022,29.45812650390204,6.238598621931301,-26.533018545803706
2001-05-12,-15.30484904325793,29.804910824676718,7.736369903555753,-25.84569448644246
2001-05-13,-15.821015264700952,30.505203917494168,6.978761281632369,-26.9290325792271
2001-05-14,-15.256687849770541,28.637827602622384,8.051489346714353,-26.955491722922087
2001-05-15,-14.81256221239032,29.199315689745333,7.221318678600965,-25.935221063134538
2001-05-16,-14.281458781494024,29.687875659526036,8.304971767510851,-23.865245189117612
2001-05-17,-13.568052594714759,29.623642938678632,7.5563021936217805,-24.18719799449617
2001-05-18,-12.303802217686338,27.864989810422966,6.386659942413777,-23.603270430859414
2001-05-19,-11.165666783133268,26.971404568953947,6.8663156076510425,-24.378983547840544
2001-05-20,-10.795663529156311,26.67500007889624,8.54923765742329,-22.37914387392587
2001-05-21,-10.600382728507673,26.700048638094923,9.883651665836844,-22.149976168871145
2001-05-22,-10.349517623400425,27.358444571142662,10.689132948201657,-21.370991350104138
2001-05-23,-10.521438616912507,27.444069685030758,12.31733841326585,-21.4120840282105
2001-05-24,-11.609114151918202,27.211505156892564,12.464696459695466,-21.783556059759714
2001-05-25,-12.39631553270138,27.66007720289289,11.764074401977245,-21.313115101799244
2001-05-26,-12.418249231978375,27.262588499609485,12.300103760122667,-20.989751774118854
2001-05-27,-13.548192170186068,28.156494628371835,10.381295934827216,-18.66258101243966
2001-05-28,-13.94928047983894,29.63050771555914,10.815251665963341,-17.96306477792707
2001-05-29,-13.928282501666818,29.120444886139204,10.381491955793072,-17.91207023048897
2001-05-30,-13.854209643177851,29.623776433263245,8.570958884983542,-18.332772144604803
2001-05-31,-14.593215771243747,29.639725281677016,8.372143444066502,-18.34216133453664
2001-06-01,-15.28047884723512,29.936869292613,8.63690296675269,-17.63645521281855
2001-06-02,-14.517460785385053,31.875992407158176,7.303613582045676,-16.9078591619815
2001-06-03,-14.541758621871613,33.822913037525524,6.46583136848088,-18.300143948873924
2001-06-04,-14.331446778994005,34.56465018908932,5.261687593042985,-18.457592886987495
2001-06-05,-12.412757289105384,35.40472824072919,4.038288247352279,-18.109163050756376
2001-06-06,-12.194683932993772,33.922431720041715,2.416464249100992,-18.090842974741705
2001-06-07,-12.297511708321279,34.27765920632594,2.196343127736642,-17.795343038980572
2001-06-08,-11.585272686797934,33.414173681861385,2.872304021738521,-18.163046052943635
2001-06-09,-11.56476352387204,32.55234850685855,2.629540137993481,-18.64556570010479
2001-06-10,-11.803516560543015,34.17647542504133,3.051557197705901,-17.90348685498433
2001-06-11,-12.005386266087156,35.69068702372425,3.663947563403792,-15.200239258806162
2001-06-12,-11.673161928797425,37.13468170414304,4.58981089076972,-14.837423304053699
2001-06-13,-10.629890323376038,37.455903850717654,5.342454359711814,-13.708358056277385
2001-06-14,-11.464574866901396,36.83835193406881,4.8099120829934074,-15.089652054542624
2001-06-15,-12.075284811862568,36.559742259224265,5.670633291967113,-15.884339732933253
2001-06-16,-13.676156650026032,35.288379355879194,5.7363543700401305,-15.32908648219948
2001-06-17,-13.889320852986904,35.75518035682535,5.258533641728179,-14.683933266924337
2001-06-18,-12.586849913963247,36.11612298641231,4.995731907978029,-15.943400860535231
2001-06-19,-13.172452293696113,37.3843511032556,5.837155542325721,-14.784288704947446
2001-06-20,-11.386479365552976,36.27774120072533,6.279994677521647,-14.105925811717801
2001-06-21,-12.712418176287681,35.883186558784196,6.374475460792174,-14.640010595885883
2001-06-22,-12.673873359219906,36.06862337179042,6.67625779408252,-14.883650673909989
2001-06-23,-11.850657210028695,36.69600262796792,7.459135465376943,-15.9252695388699
2001-06-24,-11.136030458779793,36.28508784071623,6.708045349825356,-16.69915499630195
2001-06-25,-11.223088261078807,35.52313024702047,7.628384960932878,-16.542066708481602
2001-06-26,-12.704844897121554,33.70091240315209,6.359048395266182,-15.9050672907607
2001-06-27,-12.444912645509971,33.01211411725374,6.974744593339656,-15.872803001627664
2001-06-28,-13.252009321766149,34.89416535021965,5.236622762586149,-16.09360971985413
2001-06-29,-13.398410484007695,34.51946253352914,4.496588198557523,-13.100618754423937
2001-06-30,-13.862251742428667,32.90121128852458,3.932446369003234,-13.873298567169458
2001-07-01,-13.982411169430186,33.13027515480722,5.101282464174891,-13.752314854667775
2001-07-02,-14.066442483975313,33.15154952406494,4.898912206776463,-12.83108434836945
2001-07-03,-14.643128198852217,31.826446376020545,3.237462838647022,-12.977899792029588
2001-07-04,-15.140912628144152,30.278538895193225,3.482799420274043,-13.661646912011674
2001-07-05,-15.897451715894118,30.534573181171837,3.5828542708173545,-13.28702800782363
2001-07-06,-16.692137617844836,30.261081017987262,3.516657316396706,-12.748166895043791
2001-07-07,-16.198780497237273,29.256918776417915,4.037081824033694,-12.934889295178845
2001-07-08,-14.897962643787313,29.450852967412544,3.439303454161074,-13.128305660864077
2001-07-09,-14.356606675026276,31.581767794925852,4.5640029059228,-13.57743458193956
2001-07-10,-12.963146570660609,33.98360385925966,4.245829656396507,-14.251429424518719
2001-07-11,-14.39544327713314,34.34272229823849,3.6140240228221403,-14.144858054542782
2001-07-12,-15.305298634766395,34.813777624875065,4.251092844178589,-14.13232651325459
2001-07-13,-13.536374432460027,36.21108112613813,2.905406022294744,-13.411303934915093
2001-07-14,-14.482078470528487,37.442589632376425,3.4224251056338257,-15.179210291232227
2001-07-15,-12.986345810596227,36.28700986619258,3.639261737574516,-16.655988125556885
2001-07-16,-11.557318437970608,35.7838333999618,2.305380200523346,-16.84944284969851
2001-07-17,-10.794371504597594,36.68672749158074,4.090389513352746,-19.047024187899627
2001-07-18,-10.17355176078719,36.61998544365554,4.1701894041177106,-19.851115132949015
2001-07-19,-9.943708569424919,36.52624646444281,4.65574921003002,-20.36987782453547
2001-07-20,-10.849454116986918,36.86582621941963,5.548481698581367,-18.923187582098283
2001-07-21,-11.331931801925347,35.539568925101335,3.6358226800086006,-20.08344635567098
2001-07-22,-11.03857075765888,35.53000586733788,5.147285747908526,-20.350999359576463
2001-07-23,-11.151325042078978,35.30514369335494,5.407953910278155,-21.49224140184066
2001-07-24,-10.467256742195067,34.65871988514458,5.447358949871392,-20.372370690649706
2001-07-25,-11.469655299508888,33.91025547207562,5.543015305612905,-19.475348667956624
2001-07-26,-10.422448453364412,35.49930824612008,3.968921263184167,-18.876239005432154
2001-07-27,-9.873666710555288,35.2654508332869,3.9812016377741455,-19.945921593509066
2001-07-28,-9.872777383559107,35.21539978824531,3.0572119673629463,-18.46442522789397
2001-07-29,-9.506921793391285,35.26878159045182,3.376216821688057,-17.956701520913526
2001-07-30,-9.92945260580248,35.83730997987106,5.0676467713884055,-17.351491460433188
2001-07-31,-11.195861794341505,34.88668910813881,3.5287437212682775,-16.785211827805956
2001-08-01,-10.365788010273942,35.305364782007885,3.6686959461366695,-14.502619825000702
2001-08-02,-10.049813292684766,35.2755554550399,4.078514833229003,-11.973847012753795
2001-08-03,-10.24371628236396,34.45030303717807,4.307431813552845,-13.021059928768448
2001-08-04,-9.406865622034209,33.95997224082008,4.359331467862427,-12.401386042545889
2001-08-05,-11.57588097849933,34.1677147951016,3.518259219358782,-11.56190886522569
2001-08-06,-9.94259756298745,33.05953071871075,5.690985680133381,-12.541289051000424
2001-08-07,-9.991841287313125,33.921308186298944,4.274380073461167,-11.516070675261776
2001-08-08,-11.205017119610279,32.64246098610077,3.3605261848697534,-12.922403663345086
2001-08-09,-11.968957914958363,34.87886767303357,1.444870008346492,-13.791730730255622
2001-08-10,-12.139951070087335,34.44535446131722,2.9234948227354467,-16.04008308467942
2001-08-11,-11.03149047058677,35.531390227794205,0.32287792438832685,-15.603762055890213
2001-08-12,-10.359886805676846,35.46999223837106,-0.30119158248721534,-17.026772403623337
2001-08-13,-9.970040568079572,36.52186187146948,1.0695780553282936,-15.599337569298712
2001-08-14,-8.798278603200655,36.39588466002405,-0.6740441172792127,-15.837145386220802
2001-08-15,-8.919643808695563,35.409777197396274,-2.4737231474244146,-14.46881101081551
2001-08-16,-7.9688109463039085,36.65272933490935,-1.592558757212839,-16.51560649801411
2001-08-17,-7.316914635620078,35.85562618999513,-3.0938080148880402,-16.945784210081612
2001-08-18,-5.884945514838169,36.8468211567743,-2.2696898333491697,-17.673874224962336
2001-08-19,-5.8945069643854175,37.58474670849387,-2.0697332955187275,-18.551570819997725
2001-08-20,-6.253349728516132,37.55832861626272,0.4271982507598806,-17.53193292936148
2001-08-21,-7.589284026763185,38.25852063891978,1.6515415896043737,-17.727346784179705
2001-08-22,-7.541113018722974,38.21934185041295,2.488539817455926,-17.101027245372457
2001-08-23,-8.297048289860088,38.466143986811105,2.136109371407101,-16.010922228347454
2001-08-24,-7.176822701073073,39.9511824438515,1.5561800884214954,-15.949092695432778
2001-08-25,-6.821616071539511,39.90081332008358,1.6149463537004454,-15.26578276309877
2001-08-26,-7.346778128275461,40.06529757764964,0.8620561212252817,-15.658358660811516
2001-08-27,-7.590715819001172,40.95767252186021,2.06502048601818,-15.606194409684822
2001-08-28,-8.81691871619492,42.00747141862239,3.0062922144554967,-16.408796215393053
2001-08-29,-7.986367913181943,42.53206216765301,1.1762888567662075,-18.065689548493456
2001-08-30,-7.4825894047847115,42.16499766975516,0.07568026159213415,-17.941624853736233
2001-08-31,-6.612282094151621,42.912568859468955,0.2637033308219853,-18.12442119143543
2001-09-01,-7.151485844753757,42.854789892920344,0.9960525558203797,-16.283203796014938
2001-09-02,-6.686665075997565,44.52306984626897,0.5952723492627652,-15.67495411706241
2001-09-03,-7.179497368814475,43.35022158242106,-0.9479543387087133,-15.746646717241012
2001-09-04,-6.032038862337068,42.6418477063412,-1.7395659812292548,-16.31742513756089
2001-09-05,-3.9053921983232485,42.65077701429226,-2.8360593348547667,-16.214725549379917
2001-09-06,-5.228939966146193,42.36824763484819,-3.8638678092066976,-15.615053586695675
2001-09-07,-5.433808860218533,43.12302357889198,-2.3833959258332817,-17.35468434214935
2001-09-08,-5.634215518569831,42.68277923233674,-1.6386433909923135,-16.959479550842115
2001-09-09,-4.928089947771454,43.32487451795451,-0.8993206166902357,-17.28261521428696
2001-09-10,-4.634759288081066,42.65794128241762,0.25182489233088523,-18.050996656087477
2001-09-11,-3.285630102847741,42.64569435285024,1.0262977438020517,-18.952267209867387
2001-09-12,-2.4302587111838996,42.99009528360545,0.15985395813579528,-19.324604622295062
2001-09-13,-2.966907120112215,43.94557003196269,1.5377402912538929,-17.41362100688007
2001-09-14,-3.216807376416719,43.40214854212661,1.1727152493803397,-16.815718111606984
2001-09-15,-2.7073258533171023,41.9669014817596,1.1912888518460008,-17.798226107563647
2001-09-16,-2.56049336445668,42.22635284107344,2.2307770019831494,-16.36958464915363
2001-09-17,-2.853968973700695,41.51414883446321,1.7150769928438594,-15.634460114435655
2001-09-18,-2.1382850218396023,41.75466356573678,-0.17230121118587527,-17.325818904128553
2001-09-19,-2.842506526328681,40.81328385114944,-0.1681944698100446,-18.004748808612497
2001-09-20,-2.3009535722905343,41.428183144045654,0.29347774315254116,-17.45856556506969
2001-09-21,-1.4308492054985118,41.70462080076689,-0.2103150247106398,-16.467326205358383
2001-09-22,-3.300879775339955,41.9149123787189,0.5970232604060812,-17.062206763023227
2001-09-23,-2.597873242612388,41.41463969519468,0.3505056767185598,-18.049349272490154
2001-09-24,-2.289630051990942,40.02810453337367,0.46797953062014125,-19.44754330052431
2001-09-25,-1.7560086598849942,41.169452839847935,0.5369754068577033,-20.063088199520415
2001-09-26,-2.5832130894611383,42.19935791462642,-1.0637477027696505,-18.413255100615128
2001-09-27,-3.1643784965807686,41.21248290269958,-0.9772577435319556,-18.978971059102527
2001-09-28,-3.6398726019585155,41.10029044163354,-2.532893442112827,-19.161669320759273
2001-09-29,-4.449960134567524,41.27909862203751,-3.1782360255705937,-17.93205012939225
2001-09-30,-4.481811823945938,40.9049196349516,-2.983158828172802,-17.750770368931708
2001-10-01,-4.071873284029083,39.73288534539644,-3.211761788544165,-18.124890857334787
2001-10-02,-5.219560868356419,40.025147295355204,-1.458641732874757,-20.45918414865689
2001-10-03,-4.447495750901269,39.08773921388384,-0.6512119304535992,-22.152355601476952
2001-10-04,-4.74954286812221,38.945568784296796,-0.5787494945099401,-23.06042990040194
2001-10-05,-5.252113892676732,39.82380160990986,0.6517474552211804,-24.584630795462648
2001-10-06,-3.6843901875734972,40.52999571529556,1.1136871460035367,-25.662353137657874
2001-10-07,-4.486862033025649,40.41202033506053,0.8994531377305273,-27.47977664637599
2001-10-08,-5.025215277593846,38.3988433758835,0.8397330634138014,-27.110158697636404
2001-10-09,-5.025346686426556,38.21236106570935,1.7542405216628045,-27.68264326764812
2001-10-10,-5.919273770068745,36.23288128387458,0.8376131455777225,-29.322228766810813
2001-10-11,-5.879313319253931,35.91157907817805,0.7782614818996553,-29.570657086116476
2001-10-12,-5.016088879430464,34.373006965791504,3.2886230946909647,-29.681871222111496
2001-10-13,-6.161695863358361,33.58964478867806,5.904870568326164,-30.834842732589582
2001-10-14,-6.640764248310647,32.76291776249171,6.0204496556035325,-31.49960899765019
2001-10-15,-7.147100746230186,29.54640584965971,6.996469199389157,-31.541824669438842
2001-10-16,-7.15322603771346,30.4005436978163,5.298103618266546,-31.528237079858087
2001-10-17,-7.887667612764229,31.419053759418425,5.93590952602377,-30.875966363334186
2001-10-18,-7.9801339299962795,32.97431995866583,8.507991405526662,-30.57662747963448
2001-10-19,-9.788037640253457,34.753083289539724,9.531458222450476,-29.202832937305175
2001-10-20,-10.334411910544707,35.46910630901884,10.150454207130092,-29.19383325875384
2001-10-21,-8.605835050654887,35.92132323969434,9.8310960899525,-29.25700672926274
2001-10-22,-11.125949935131379,36.26034996078631,10.147006239084416,-28.937378386600184
2001-10-23,-11.862738111094266,36.917196061843505,11.960507151584457,-29.679883540860864
2001-10-24,-11.52020854091128,35.70572422001791,10.866367741171336,-30.8308033216591
2001-10-25,-11.39722857326488,37.38363362956695,10.025174619380884,-29.984284065195073
2001-10-26,-11.569569214788222,36.553834820725704,10.525401557551882,-30.143693192463758
2001-10-27,-12.55229785557668,35.71729847550937,10.383354162783638,-29.388702738816416
2001-10-28,-13.086831232472708,36.731687849302496,11.07088530018362,-29.19890707972279
2001-10-29,-12.191951510360116,36.629782816857634,13.909716193916974,-29.995070045134
2001-10-30,-11.685871762634001,34.83761569224127,13.912470985244413,-29.21017066431329
2001-10-31,-12.077585745079928,35.094804104704636,14.20558874192225,-27.007777885321183
2001-11-01,-12.176027620508467,35.820458040857524,14.66833543655845,-29.04455179589447
2001-11-02,-12.670972987571497,36.65872389913626,15.476657217764332,-27.863403185227163
2001-11-03,-11.641157476778453,38.369316246871165,15.907426118712172,-27.985786061130337
2001-11-04,-11.255843783007192,37.804167999081564,15.743704914165509,-28.83791201031471
2001-11-05,-12.320301538656624,36.966637647419994,16.507098812520585,-30.06228554684017
2001-11-06,-12.4724614608738,36.67755976863755,16.469535917649726,-28.71881915072998
2001-11-07,-13.732828126549819,37.386735040150896,16.241012970212026,-28.888111309680315
2001-11-08,-11.496371890589398,38.4438893377112,16.140279290279164,-28.516766301178002
2001-11-09,-11.872257420874558,38.95325276817791,17.093021939344816,-27.50895105351473
2001-11-10,-11.881396846301078,38.72912709482031,17.355719856758697,-25.85744764061201
2001-11-11,-11.199210068671606,39.0033094834627,18.63715743741858,-26.458872626801735
2001-11-12,-11.059612247840265,38.54422711868498,17.028294634101652,-25.97800407710779
2001-11-13,-10.409102039751499,38.017951793584295,16.802300744644146,-23.29755093275397
2001-11-14,-11.501514848950073,38.784749471100156,17.116393609771436,-24.28172330036249
2001-11-15,-10.90831550154362,39.638698389198986,19.211179253351727,-23.99407559273424
2001-11-16,-8.81733550343817,39.47908047274843,21.304303343794693,-23.853690767009255
2001-11-17,-9.792314352088436,40.0385086016299,21.62153905567431,-22.982874845335253
2001-11-18,-11.360272802253487,40.58615847576473,22.868313110311117,-21.841555381693574
2001-11-19,-11.27282158551585,39.58560485141103,24.36831456560517,-21.260262238585067
2001-11-20,-11.007881538738403,39.16488280621918,25.278921186612756,-20.15326484087721
2001-11-21,-10.772397480759295,38.474114200616434,25.24800701862307,-19.569918054285658
2001-11-22,-10.382342147997223,37.23346927413192,24.00805410029182,-19.96850400806541
2001-11-23,-9.725862217592436,37.27158179323408,24.51331996525624,-19.054182637914668
2001-11-24,-10.191188036471784,37.352103827732,24.02402378595271,-17.869143674980624
2001-11-25,-9.728365202078693,39.2713972664164,23.911756163773486,-15.02979168122636
2001-11-26,-11.0324441867955,37.54833007967851,22.430657973753,-16.53099204275449
2001-11-27,-11.0646428161412,37.70911078618396,21.094899958328327,-17.3656593414713
2001-11-28,-10.04337091779676,39.31194243165653,20.609536732795366,-18.985033725398207
2001-11-29,-9.189664916572026,39.50247581907263,18.366061659459106,-19.979959569764436
2001-11-30,-9.270972732599969,41.294693442170164,19.240303656477327,-19.10186226831645
2001-12-01,-7.80001978588197,39.80599083223686,19.928826706133417,-18.813541972310198
2001-12-02,-8.878752158957587,41.3379056446892,19.23720039316422,-18.535718986791426
2001-12-03,-9.05902450226852,40.777208864434265,18.431687515844622,-19.014225479388692
2001-12-04,-8.697856263969873,40.43517285659439,18.708547757604173,-19.12651844074501
2001-12-05,-7.998871280151113,39.692938624088704,19.415397169139325,-19.05128579556304
2001-12-06,-9.841015159530055,38.67315723451809,19.032824068919005,-20.088844641547844
2001-12-07,-10.549844429813856,39.27262471803435,18.609180272533013,-20.604138886787094
2001-12-08,-10.570893036985936,39.18869621746933,20.19257611440098,-20.356536378395038
2001-12-09,-9.95144136706116,37.88355712365258,22.001101762097182,-20.001763790932966
2001-12-10,-10.312156423896793,39.26493638846208,22.151170612133726,-21.119995250628573
2001-12-11,-10.710300953422747,40.89648192396313,23.213297111396457,-23.43804562437628
2001-12-12,-11.19372454955179,38.88553057623945,23.69365746097736,-23.374132724559804
2001-12-13,-9.858494238979688,38.81127484830479,22.866695320460373,-23.31774898947528
2001-12-14,-10.636647396455054,37.859919443351124,22.384367516684428,-25.845528331954043
2001-12-15,-10.760879240977664,37.13734836863714,22.562718871674893,-25.68742845444471
2001-12-16,-11.624039434754115,35.82526957892429,22.315184147353108,-27.429744646748762
2001-12-17,-12.950551617465155,36.26611760551016,23.02228639638999,-27.02457797645662
2001-12-18,-12.095909474327527,35.77065327454968,23.206002996705934,-27.655589559056526
2001-12-19,-13.036519890456393,37.00447679221872,21.633837901739415,-27.972343095106112
2001-12-20,-11.88118706588602,37.64466023017003,21.54369183446182,-29.00022705934673
2001-12-21,-14.608522123046388,38.09175078951843,21.706173949647727,-30.42386295230355
2001-12-22,-14.24252834631885,38.25969625094056,22.569840903534082,-29.342408145416496
2001-12-23,-13.633242333069289,37.35007106531483,23.464371334935056,-30.826999486024217
2001-12-24,-13.245848671504021,37.01071249497155,24.40445363480083,-30.91190798595447
2001-12-25,-12.841006318921362,38.648677468737766,23.853101899955405,-31.01424595317302
2001-12-26,-13.20300813019209,37.51856427190605,21.197103841584884,-32.23658611645057
2001-12-27,-15.542821742237308,37.58568442941174,22.40367995578281,-32.80143533369045
2001-12-28,-14.68989052292672,38.60002465479234,22.22318374243663,-33.8897688586795
2001-12-29,-14.561395554968213,40.56210155054288,22.164977791527217,-35.37860562929406
2001-12-30,-15.076753593400358,39.53644892726896,21.31365947272367,-34.6753931465564
2001-12-31,-13.192941087229668,39.58905797777346,20.693570956790257,-33.93490780927895
2002-01-01,-11.458172677889317,39.86277750711413,21.163771100425766,-34.60455182375019
2002-01-02,-10.801640814908394,40.39740530095119,20.952129500665368,-35.62105788719601
2002-01-03,-11.143369544369076,40.67434235231474,21.469430198627283,-36.97600131034713
2002-01-04,-10.178350864096235,40.526660892151945,20.471859306300505,-36.89193680843214
2002-01-05,-9.693382373523617,40.983856054144745,20.673156456882985,-36.8154607883461
2002-01-06,-10.80351407419315,41.6546887345166,21.648247256292816,-37.30846935453171
2002-01-07,-10.696214785408136,42.9109858070193,20.979747389515044,-39.251940855858045
2002-01-08,-10.030951230355429,44.429373297742806,20.907425056775377,-38.46710732997449
2002-01-09,-10.767957848443082,43.234594711241584,19.493249228131152,-38.46506531267379
2002-01-10,-7.944659514315154,44.523949789460595,19.60557042432827,-39.05450988906622
2002-01-11,-7.919791003031312,44.76433566789383,18.403504805231783,-41.441087081659035
2002-01-12,-9.052711435993547,44.3098361399397,18.178650201766995,-42.566712064401074
2002-01-13,-7.27070058990678,46.33116020726841,18.662368929693248,-41.759580554697436
2002-01-14,-7.119556502561564,47.120049574310485,19.30983608452552,-40.336254856041016
2002-01-15,-7.4215166468599,48.21191015011306,21.948153266164375,-40.34986488139642
2002-01-16,-9.263051139949962,48.011964229462684,20.965743012980884,-41.64906231440527
2002-01-17,-8.249041882264411,48.3635095947304,19.063386496110297,-41.9923270488604
2002-01-18,-6.106899826738971,49.9494364900664,17.772030920166543,-42.44278977199793
2002-01-19,-5.988778467240741,47.65065511869409,17.30973432140387,-42.005539364509346
2002-01-20,-5.3190957506424414,48.162355666016154,17.229499007877795,-41.42483907348098
2002-01-21,-5.509704461679708,49.03794765744746,18.467005481051178,-39.62158576369481
2002-01-22,-4.503365106750261,49.23795671286946,20.693065120861966,-37.52634594544611
2002-01-23,-3.0806654676201415,46.481738594048785,21.149995499301088,-38.071744375952775
2002-01-24,-2.976265588692001,45.37936163170088,19.83223164544363,-39.08536473469404
2002-01-25,-3.3695772720573003,45.77679371924448,19.97783689528762,-39.13266773984267
2002-01-26,-4.604342044132129,44.80696898281288,20.620680268223865,-38.11487513837518
2002-01-27,-4.95657585840577,43.703511862713206,20.875764274239046,-38.87038987544704
2002-01-28,-6.731312921831718,42.81161839074144,21.133190202468203,-38.896107745295
2002-01-29,-6.468438819202213,44.300960759724134,21.202036367269255,-39.636348100777326
2002-01-30,-7.612331696592598,44.95200915639125,20.69515760799586,-41.50306083559353
2002-01-31,-7.107946719169375,44.175267532283804,21.2399258101426,-42.134891646936175
2002-02-01,-7.983509505949364,43.69401637822066,19.898080174296435,-42.83668978653562
2002-02-02,-7.036050537844041,43.23169318961988,20.2336123655551,-42.41702196714763
2002-02-03,-6.86115578443125,43.96138691318726,19.90798783054324,-43.289280668848114
2002-02-04,-8.317915676596401,41.942872635734396,19.95200759530484,-43.783486636980214
2002-02-05,-9.67090551868176,42.66078421982233,20.12930952797983,-42.57166533222258
2002-02-06,-8.751234094015777,43.62712755890605,20.30215535691552,-43.724920917443356
2002-02-07,-5.6159546653887364,44.07023540242717,18.576955239616716,-43.6534619770157
2002-02-08,-6.926343380371388,43.958569001134066,19.31569471906416,-44.843789354668495
2002-02-09,-7.04615601570442,42.367816808324825,19.83341187251971,-46.00651950542996
2002-02-10,-5.007090664381115,41.50771736805236,20.26968081246447,-44.4948095374659
2002-02-11,-5.630150334614552,40.85837811156269,19.928689930508977,-43.716842333027756
2002-02-12,-6.203356873796807,39.82473560766343,19.91450740674702,-43.31855086299423
2002-02-13,-6.673861973633406,39.73490876197085,20.06689635135299,-44.75832872061806
2002-02-14,-6.130076586653285,40.936125163013955,20.73455769787355,-44.561010402057825
2002-02-15,-7.192621021679541,39.79331593452308,20.51350368032951,-44.95969482849818
2002-02-16,-7.564157897768743,41.26349159303707,21.756877123745962,-46.03125827275813
2002-02-17,-5.844500072947547,42.0576029987592,22.970638415619078,-44.93700652966661
2002-02-18,-5.733116974734355,40.134668112614385,21.923299783473492,-44.70319008116696
2002-02-19,-5.757183806631676,38.87439233813469,21.328823872427336,-44.46110450367842
2002-02-20,-4.728193376380024,40.953018626382054,19.298702190383853,-43.67996489336959
2002-02-21,-5.595599483459939,43.13106812618028,20.132656735374983,-42.88898843385068
2002-02-22,-4.855860893873166,43.045370179096686,20.44911829602679,-43.18851462936842
2002-02-23,-3.685380510965933,43.74006588612824,19.92309169465812,-43.38210752730854
2002-02-24,-3.37543116345346,42.289159321577465,19.826182013579416,-42.67850294826578
2002-02-25,-2.217781796022903,41.36556448451699,20.342380128625994,-44.83352676407323
2002-02-26,-2.282541998331871,41.357953428890795,20.356496386733596,-44.787742697862335
2002-02-27,-1.6310522711264384,40.44857183775316,20.698923537401388,-44.31703144569981
2002-02-28,-0.31844934914985035,40.02035352592084,20.160920181249452,-42.16651343737544
2002-03-01,-0.716834600955033,39.44282465918505,19.885124900405366,-41.602060821184985
2002-03-02,-0.4933929633846646,39.97764574945047,18.234626335600865,-40.44127998494789
2002-03-03,0.7949124630446511,40.10726418786912,17.272663152908653,-39.54127872350646
2002-03-04,1.9149358172276083,38.682600168910305,17.333900991155947,-38.80934206507857
2002-03-05,-0.18090736540724595,40.24322889027757,16.888627507938846,-37.75336319327933
2002-03-06,-1.1349285356008723,38.99796131086858,16.711627683004217,-36.15053873833454
2002-03-07,-2.7034063166442595,38.343583122314456,14.653285223441086,-37.245778629227665
2002-03-08,-2.233606368737436,37.458164240249154,15.237917719096474,-38.06844398949563
2002-03-09,-1.1098585141877726,37.751316751641184,12.84789848734496,-37.99837240083889
2002-03-10,-0.8863633156917721,39.821080241627286,13.774826414462558,-38.65160300283663
2002-03-11,-0.39154374858342095,40.611600016882484,13.23093086423432,-38.4290463092838
2002-03-12,0.8547906416004747,39.03145935306338,13.321853324266222,-38.643054239348395
2002-03-13,-0.589204899294568,39.44338061140488,12.52658704294363,-38.04851336924982
2002-03-14,-0.9855411796343984,40.289305399653045,14.321818405521224,-36.995938661999105
2002-03-15,-3.094231658677471,41.08310225863906,14.12494608348319,-36.61054787836715
2002-03-16,-1.6246733792463022,41.471338690098335,14.697517482821977,-38.47718867072135
2002-03-17,-3.8588423853401936,40.41039046401254,14.029428477807379,-37.675193232137694
2002-03-18,-4.6746439262291934,41.56603115452727,13.696613472134793,-35.87699555248965
2002-03-19,-3.3430136623179214,40.98276972894076,13.630260634789598,-36.693735928408714
2002-03-20,-3.6281666361213736,41.451699034764175,13.885838872061184,-37.61745552847787
2002-03-21,-3.0733997132193807,41.02162732122752,13.91759540444233,-38.60835236435072
2002-03-22,-3.3392522886095413,40.550980931560495,13.70201054362775,-36.98783839820035
2002-03-23,-4.901749264441743,40.366764728359904,12.829222440776203,-36.41689754174442
2002-03-24,-5.264037048717883,41.20093291764195,12.366246336763538,-37.86546825038635
2002-03-25,-6.689844361711581,41.67576492561616,12.149042268907985,-39.06353339833464
2002-03-26,-8.02073657597981,41.77128860482685,11.55474135750643,-38.810703222737615
2002-03-27,-8.071084390997974,41.30500653837286,12.618868783648956,-40.792738434209014
2002-03-28,-6.650125437612138,40.74705734789664,13.401432233214283,-42.19166866781471
2002-03-29,-6.912104143315416,41.16159643348009,13.848980433950663,-42.332963779984716
2002-03-30,-8.312936890830299,41.11774688403448,14.572526179294574,-42.13799635783062
2002-03-31,-7.535279945251489,41.05966921767833,13.504971379403106,-40.4931781992281
2002-04-01,-6.752372535643765,40.355335485597685,12.928348389974426,-40.12223576946258
2002-04-02,-6.1305349275187675,39.411579108116335,11.839626896141272,-38.16789866442375
2002-04-03,-6.773248356492968,41.590827199893994,12.09659543564385,-39.51245831089873
2002-04-04,-7.436710666550912,41.76214715487161,12.703242965173146,-38.74500972233142
2002-04-05,-6.428261751401482,42.6858038523863,13.676318052818681,-40.334004273283824
2002-04-06,-6.051769006379664,40.961188272013544,13.21143859514764,-39.691344768922654
2002-04-07,-6.482706479211031,39.37771021995434,14.29479367358879,-39.19939145540763
2002-04-08,-5.88288523043543,38.86850696284281,15.621584229430995,-39.20488364000354
2002-04-09,-5.112143769137271,38.13084236618096,13.379622192033535,-38.92068147818653
2002-04-10,-4.636315381281654,37.59499790486888,13.604302440330137,-38.21063541367599
2002-04-11,-6.871456312235169,38.417273858798715,14.542097809034994,-36.00850429923049
2002-04-12,-5.945973904056378,37.69690806706895,11.993454194824109,-35.88158351188776
2002-04-13,-7.398869614961506,37.358873077962265,11.737411564185718,-36.287939865849026
2002-04-14,-6.6045838235752825,38.60540929115331,12.0369338495034,-37.06092658511279
2002-04-15,-6.288768709600443,38.86899690338136,12.223420227089804,-35.83205682843185
2002-04-16,-8.714511741607364,37.306866300707775,12.864001870044634,-35.00949873906837
2002-04-17,-6.447026531455902,37.11387378870524,12.37559542572614,-36.27427514348063
2002-04-18,-9.30056578638992,38.378939480477065,13.635202951782066,-36.58950032814496
2002-04-19,-8.29973174192882,38.23747926755956,14.715716739338617,-34.75588653321747
2002-04-20,-8.438389833792701,39.45288150774569,15.827592380714503,-34.067598116422516
2002-04-21,-9.02522086144423,39.08729285912088,16.579474645267826,-35.07615638972376
2002-04-22,-8.69853515438784,36.90163520726663,15.954463036565416,-34.17687078747386
2002-04-23,-9.394272734041147,37.57167340630259,16.213274874439577,-33.97859310123124
2002-04-24,-12.441809046676553,36.85721616575779,15.735140568686901,-33.075670126285935
2002-04-25,-13.713018620344874,36.79574813518858,15.707626518917294,-32.4926834038587
2002-04-26,-11.643876580888126,36.69305027593377,16.258251761753147,-31.026189810645352
2002-04-27,-12.3822512829488,35.91297855872884,16.850638536854028,-29.311396255252724
2002-04-28,-11.624784345177293,37.407281730263435,15.468922835731014,-28.042055484177446
2002-04-29,-11.983422443572703,37.1598985265417,17.536102942551143,-30.51470257931384
2002-04-30,-11.584281616090399,37.18260914242978,16.83309583180479,-30.98217557840669
2002-05-01,-11.110441472036902,36.34065543265803,16.808704357235268,-29.66195267061046
2002-05-02,-9.722971358231069,34.25711458085507,16.579829751045054,-28.882431498463223
2002-05-03,-8.046601121365986,32.74973875446608,17.328897943430825,-29.681286685558874
2002-05-04,-10.675059827423183,32.26240614047982,17.611363893098343,-29.91910095005584
2002-05-05,-9.835544419360435,31.34510901391998,17.617269396266718,-31.583628467760974
2002-05-06,-9.622663022663088,31.85593551125187,17.2828043982991,-32.50491079682846
2002-05-07,-9.625671056798149,31.84205214350182,16.554715388426715,-34.29547879640281
2002-05-08,-8.709733057429744,32.15340506234426,16.033062444502107,-33.086110570805246
2002-05-09,-9.01563285916694,30.756807920407393,17.531559181878936,-32.81107774243821
2002-05-10,-9.211886629808589,30.916707437512695,18.403149776845638,-34.27789526523886
2002-05-11,-9.123628340106345,32.32357393188581,17.865666462445517,-34.32580381704881
2002-05-12,-9.520410863718928,32.43324870320234,19.740644239701687,-33.928888031854406
2002-05-13,-10.025462370700263,33.53466196292556,17.883877685001856,-34.78659368131227
2002-05-14,-9.75098969705912,33.70296789236499,19.287630965533747,-34.853924445208726
2002-05-15,-9.518319166162092,33.671856275051645,20.169762361372438,-36.36171373119391
2002-05-16,-8.79373214088998,33.959197737404885,20.18060036412584,-37.14179716113635
2002-05-17,-7.859728195784536,33.17502758907241,20.140095944055638,-36.655226980497154
2002-05-18,-7.217648047008897,32.34413160659636,20.839917668877717,-36.268002490789
2002-05-19,-7.012417894586442,33.11805477238886,22.548838544419354,-35.90838228681881
2002-05-20,-8.175367540957787,34.0270591996247,23.720027248216912,-36.272963614673074
2002-05-21,-8.151504646814614,33.301662513383135,24.381276513410377,-34.76207355028963
2002-05-22,-7.982197789444296,33.05802982282133,25.497340458455724,-33.36910819276441
2002-05-23,-7.067185835936165,31.717129727908887,24.04775005689965,-32.90987875487091
2002-05-24,-8.030740199853138,32.73976435519222,24.052277517404338,-35.6268830758261
2002-05-25,-7.539836917404688,32.584732714292095,24.58358597489372,-34.3967663791283
2002-05-26,-8.222200660012547,32.39013833256779,26.13413594452552,-35.866583663244405
2002-05-27,-8.30966786252631,31.25964598754076,25.992407121499713,-34.805936630952665
2002-05-28,-9.27764486998962,29.04576684089817,25.06891445452049,-33.47742549152125
2002-05-29,-9.246224593909702,28.85920703222532,25.070884684093294,-34.757492240214695
2002-05-30,-9.591996070464225,27.81979497999839,26.99378472343726,-33.91078103828364
2002-05-31,-9.485538648561041,26.1309986477068,27.583764918015113,-34.38576441592594
2002-06-01,-8.974666950116099,25.196510033385767,26.292171162785507,-35.2942387150233
2002-06-02,-9.740594536968493,25.31521412599334,25.53424745567149,-35.45990957286857
2002-06-03,-10.51257347921047,26.718740815679773,24.40915062213895,-35.19286314786601
2002-06-04,-10.393271799884442,26.225654346709774,24.328454519644694,-35.570752921349204
2002-06-05,-10.84635380631593,25.269875699433793,24.92195973987588,-35.0216216553924
2002-06-06,-11.478773330892265,24.781342575583803,25.831765894017174,-36.41674887849457
2002-06-07,-13.508949262995179,24.9561183327903,25.699979222793974,-36.35205903182397
2002-06-08,-12.611734575645773,24.291427889533644,26.423493848341227,-35.65117812131662
2002-06-09,-12.181105514506307,24.44133576326829,26.65150248241654,-36.141510301486804
2002-06-10,-11.29597187928393,25.0142755408177,27.22563671312229,-36.82728711067397
2002-06-11,-13.18451685878556,25.192136563466946,26.617906849739533,-37.42429641496938
2002-06-12,-11.581333779173807,25.095357886714044,27.370490483935026,-36.90882108081816
2002-06-13,-12.818335230679873,24.619611733805502,27.77044526025938,-37.81767727461481
2002-06-14,-14.132423325909851,23.794824035375406,28.612039055869076,-36.5807558052565
2002-06-15,-13.971823532212685,22.656389983340024,29.93837375278876,-34.68881704243571
2002-06-16,-12.214537265525173,23.38971500807203,28.079668387953713,-34.84111678883278
2002-06-17,-11.725577606821805,21.01844472748508,28.246665980644703,-33.40380513913189
2002-06-18,-10.462446887192874,21.27784358517971,28.586646633382404,-32.41032816835205
2002-06-19,-7.98757890932187,21.549951848059763,27.705160238625016,-32.6735340468313
2002-06-20,-7.047757188204913,21.467647580652777,27.703379767691718,-33.022401553782515
2002-06-21,-6.584299499268589,21.71610101694901,26.218394338348297,-31.590585844622712
2002-06-22,-8.34267106566762,22.377142085659187,25.451544535705402,-31.77715453049415
2002-06-23,-9.649571063193276,22.661940095013726,25.537436033214725,-33.13289794659518
2002-06-24,-10.058372012428999,21.392036217158275,24.560594372318114,-33.085071355999624
2002-06-25,-8.812894456506644,18.279298204015127,25.846548217803704,-34.566134370938215
2002-06-26,-8.02516168037557,18.2282984002081,25.23280699515194,-34.40109354662206
2002-06-27,-7.304841010834467,18.237795883259526,24.987298617957553,-34.92003518096232
2002-06-28,-7.439356230091087,18.216996706940748,24.945244610555015,-33.530475581418415
2002-06-29,-8.418038362173744,16.616986738598968,24.109936255802392,-33.104864620858784
2002-06-30,-8.25143318036795,15.699932684176128,24.097380765168904,-33.561146420557805
2002-07-01,-7.434143563889399,15.156243988933825,22.357306495866112,-34.17846557041007
2002-07-02,-7.302863901955813,15.637030401362706,22.774246121802616,-34.18135831152669
2002-07-03,-8.225563387928306,15.143885664385078,21.920093218859964,-34.81444758856323
2002-07-04,-8.502240967020956,14.791103513557163,22.022547520209823,-36.193141748536945
2002-07-05,-8.375053137777291,14.11860347379744,22.026322387378727,-36.94185458555907
2002-07-06,-7.817081797366944,14.262723569495991,22.872168644150296,-35.746795219016704
2002-07-07,-7.832210313563103,12.75612065630087,21.38128830474433,-33.08313257681307
2002-07-08,-9.328418442138412,11.431004296442982,21.320582734799764,-32.27097888262836
2002-07-09,-9.441524924523877,9.093234757585812,20.556279287082248,-31.873561534506457
2002-07-10,-10.771042375229483,9.68516465955702,20.01665943325993,-33.04872502819988
2002-07-11,-10.723237919771282,9.729884930252753,21.918663255150353,-31.843002899463535
2002-07-12,-11.396118187079045,11.34282879121193,21.600567458931963,-33.22918796023721
2002-07-13,-11.38531281210487,9.135601847519245,20.30978647478404,-32.951620157878246
2002-07-14,-12.412190109007799,9.422673508148964,20.84613674697691,-33.19283307585558
2002-07-15,-12.815450073341811,10.731099886952226,19.461991464346813,-32.4662490432444
2002-07-16,-13.718604536162669,11.416616464218682,18.66374073453904,-32.68212886969976
2002-07-17,-14.117685205787708,9.9123425592574,17.89495623261941,-34.20950103606987
2002-07-18,-17.015762209713724,11.000486533355582,17.93810456676402,-34.88213752582258
2002-07-19,-15.768233208818707,11.038904539286454,18.20278972251986,-36.260674211026355
2002-07-20,-14.48175881860957,10.479795075613518,17.159647533267258,-34.36381879720411
2002-07-21,-14.623033984357333,9.732599483574967,16.508147090835063,-35.262921970555894
2002-07-22,-15.875212175673687,12.014991304078428,15.327822827441242,-34.96367329040586
2002-07-23,-15.614797139873481,12.434834495057103,15.238948998759174,-35.12631829157351
2002-07-24,-16.72674431805051,12.310681265498348,16.429351809077556,-33.962787763647526
2002-07-25,-18.859563706922742,12.952759868053194,15.32781683894152,-33.395393505911926
2002-07-26,-17.913865458560526,12.641531978402947,15.482167635953624,-32.81823135215876
2002-07-27,-17.178080766450393,10.867354839262722,14.890380730070257,-31.087382082921373
2002-07-28,-18.207885047905155,11.045979764141686,14.312026489153782,-31.642548457310532
2002-07-29,-17.905029699315882,12.10708639147598,14.249972451265299,-29.514801518663187
2002-07-30,-19.333816867896566,12.545565047158949,15.212396019164144,-31.171739947562035
2002-07-31,-18.5062539900858,12.174292878313983,14.458122334975352,-31.221449368510903
2002-08-01,-19.149960876961426,12.894556290944983,14.911056611941811,-31.09566590513301
2002-08-02,-20.83795155196372,12.455345153782796,16.175507495129892,-31.221441216553718
2002-08-03,-21.306734350020378,11.810558065317407,16.33396155881142,-31.85240211154018
2002-08-04,-22.128350971100872,10.557400668341643,15.718000148679447,-31.640680855847126
2002-08-05,-23.09841418065254,10.144509513259672,16.83965162655628,-32.48425075263077
2002-08-06,-23.86377717510075,9.67510873231565,15.414109700335427,-33.28245910155478
2002-08-07,-24.173373652728163,7.505760218698148,15.947554603299269,-32.159876025860655
2002-08-08,-24.352137619399056,6.69462244853471,15.576456886516079,-32.70272438743272
2002-08-09,-25.731186238545195,6.443381938905835,15.259838231876955,-33.390059540997754
2002-08-10,-26.437727289778127,5.064050992242332,15.599455170536924,-34.529633214765695
2002-08-11,-27.02978979285708,5.487447096449176,17.42370005401207,-33.774510857668915
2002-08-12,-26.617970735233648,6.801330568047349,17.05554366127415,-33.78991549640157
2002-08-13,-27.85335714443183,7.8081330828435735,15.369364090451496,-35.978466537176594
2002-08-14,-27.892117704673982,8.180952651469887,15.318913383038147,-35.53111438241861
2002-08-15,-27.032153468949215,9.980892120064574,14.984884404050472,-34.048953012275746
2002-08-16,-23.66112558124643,9.10560219496081,16.0630894888456,-35.25657424631323
2002-08-17,-24.405550648836375,10.509151367013779,18.2908941460146,-35.24688544789465
2002-08-18,-22.61760072283102,9.91170658632894,18.500441154349588,-33.83163551769812
2002-08-19,-22.490911639181384,10.166495923925586,18.822212014105926,-32.513335265650994
2002-08-20,-22.47660877090719,9.754002437408698,20.393495698135368,-30.563196478618767
2002-08-21,-21.68270308783063,9.79868855764595,18.967225084371385,-30.21093289251031
2002-08-22,-22.437904017690904,9.599651671554087,18.24616829628924,-31.60478523795345
2002-08-23,-22.8378300515234,9.255637622400602,17.28167175745581,-31.920146865984762
2002-08-24,-22.82345373028321,9.939465710757897,16.748104351385297,-32.395076651040256
2002-08-25,-24.481708633124864,9.654653305548829,16.888429225208363,-31.665481037770128
2002-08-26,-24.117397850931287,10.358601678423575,14.818912150736127,-33.235349741856645
2002-08-27,-24.876872329649622,11.431916940498004,15.915753030388725,-33.7666086938807
2002-08-28,-25.53465687749675,9.16344736425427,15.365663165514372,-33.58674802119162
2002-08-29,-26.320813511363752,9.701579689182182,14.988479018862757,-35.90553303825989
2002-08-30,-26.52040424326717,10.617065396694539,13.484227769874101,-36.579652435803204
2002-08-31,-25.170377292092244,9.772217027196538,12.21366309376673,-37.04546278676444
2002-09-01,-25.611642349357222,9.575488763174189,11.048288234612235,-34.97474384946189
2002-09-02,-25.876601395015463,9.958175867617094,10.79809943853822,-33.557499116076116
2002-09-03,-24.756709170695732,10.050352532454903,11.189128604931076,-33.5251174423781
2002-09-04,-23.309967296724867,10.277735457633547,9.764686948296104,-32.92771363496053
2002-09-05,-22.634795064762383,11.644864496737377,9.793841858768136,-32.94553799280462
2002-09-06,-21.342362936089554,13.151278515059134,9.168101495717815,-32.212915324930506
2002-09-07,-20.4509415305181,12.795337556512317,11.876932817979021,-32.981464967339726
2002-09-08,-21.47089369853442,11.453457518416561,12.862653881130276,-35.00374218287223
2002-09-09,-22.910950006573703,9.404338355144583,13.276813978785494,-35.6118761459935
2002-09-10,-21.90134640883702,10.764057499366302,12.40893001806181,-35.57947968689735
2002-09-11,-20.521275268685653,11.05448693515409,11.463700128722014,-38.28861976673327
2002-09-12,-20.30130275603066,10.564720487729044,11.778220456754156,-38.9731024349706
2002-09-13,-20.74339752083876,11.090000035868595,10.90415640496173,-39.38098676176382
2002-09-14,-20.392937528368467,11.695302357489787,10.944859685185875,-38.724220670074985
2002-09-15,-21.166702965418676,12.316337596070838,11.3975764037233,-38.56997381466458
2002-09-16,-20.621489718164746,12.831019295339042,10.541645488021336,-39.39178139753743
2002-09-17,-19.756728148694584,12.801531515688954,11.91234443414018,-39.72911892060064
2002-09-18,-18.160122911216334,12.677001111976894,11.088353739765047,-41.08226539285876
2002-09-19,-18.28451269208793,13.720000716871123,11.876713330756791,-40.89662955779874
2002-09-20,-18.95750052110265,14.856820011712978,12.402673601459373,-40.696743254278054
2002-09-21,-19.930999754354907,15.62152565984269,12.298199612463957,-41.41133728800571
2002-09-22,-20.451993069471197,15.983785874344507,13.016697209807926,-41.286211699108854
2002-09-23,-19.93308539794966,15.711549250968833,12.277051980396745,-40.397768060608314
2002-09-24,-18.90561730174373,14.382449946229936,11.821687342917196,-39.68226771769696
2002-09-25,-18.87847636275777,15.425285804201884,11.360101112080882,-40.331350685442615
2002-09-26,-18.207990420705098,15.642020037419266,10.819352415016525,-40.85882653387451
